title,price,brand,model,GB,ultima atualização
CELULAR SAMSUNG GALAXY A10 TELA 6.2'' DUAL 32GB 2GB RAM NF ,746,Samsung,Galaxy A10,32GB,2024-06-25
CELULAR SAMSUNG J5 16GB DUAL SIM EXCELENTE ENVIO IMEDIATO,499,Samsung,Modelo desconhecido,16GB,2024-06-25
SAMSUNG GALAXY A01 DUAL SIM 32 GB AZUL 2 GB RAM,388,Samsung,Galaxy A01,32 GB,2024-06-25
MOTOROLA MOTO G8 PLUS XT2019 DUAL 64GB TELA 6.3' 4GB RAM,448,Motorola,Moto G8,64GB,2024-06-25
BLACKBERRY BOLD 9780 256 MB BLACK 512 MB RAM,78,Blackberry,Modelo desconhecido,Modelo desconhecido,2024-06-25
SAMSUNG GALAXY NOTE 10 256GB PRETO EXCELENTE - USADO,1319,Samsung,Galaxy Note,256GB,2024-06-25
SAMSUNG GALAXY A04E 64GB AZUL 3GB RAM GARANTIA + FONE BRINDE,659,Samsung,Galaxy A04e,64GB,2024-06-25
MOTOROLA MOTO G6 PLUS 64GB AZUL TOPÁZIO GARANTIA NF-E,539,Motorola,Moto G6,64GB,2024-06-25
CELULAR LG K8 PLUS 16GB BARATO EXCELENTE DUAL SIM NF OFERTA,439,LG,K8 Plus,16GB,2024-06-25
CELULAR LG K8 PLUS 16GB DUAL SIM EXCELENTE BARATO NF OFERTA,439,LG,K8 Plus,16GB,2024-06-25
APPLE IPHONE XR 64 GB PRETO - 1 ANO DE GARANTIA - EXCELENTE,1499,iPhone,iPhone XR,64 GB,2024-06-25
SAMSUNG GALAXY J6 DUAL SIM 32 GB PRATA 3 GB RAM,499,Samsung,Galaxy J6,32 GB,2024-06-25
MOTOROLA EDGE 30 NEO 5G 256GB BLACK ONIX 8GB RAM - EXCELENTE,1279,Motorola,Modelo desconhecido,256GB,2024-06-25
LEMON SENSI 3G LM-754 3G PARA ANTENA RURAL,53,Marca desconhecida,Modelo desconhecido,Modelo desconhecido,2024-06-25
SMARTPHONE SAMSUNG GALAXY Z FLIP 3 5G 128/8GB RAM |EXCELENTE,2099,Samsung,Galaxy Z,8GB,2024-06-25
 MOTO G7 DUAL SIM 64 GB ÔNIX 4 GB RAM - PROMOÇÃO,586,Motorola,Moto G7,64 GB,2024-06-25
SMARTPHONE SAMSUNG GALAXY S22 128GB 8GB RAM | EXCELENTE,2379,Samsung,Galaxy S22,128GB,2024-06-25
CELULAR MOTOROLA MOTO G14 128GB 4GB EXCELENTE GARANTIA NOTA,819,Motorola,Moto G14,128GB,2024-06-25
CELULAR LG K11 PLUS 32GB 3GB RAM EXCELENTE NF PRONTA ENTREGA,649,LG,K11 Plus,32GB,2024-06-25
SMARTPHONE SAMSUNG J5 16GB 1.5 RAM 4G OFERTA PROMOÇÃO,449,Samsung,Modelo desconhecido,16GB,2024-06-25
 MOTO G8 POWER DUAL SIM 64GB PRETO 4GB RAM GARANTIA NF-E,489,Motorola,Moto G8,64GB,2024-06-25
BLACKBERRY BOLD 9780 256 MB BLACK 512 MB RAM,69,Blackberry,Modelo desconhecido,Modelo desconhecido,2024-06-25
SMARTPHONE SAMSUNG GALAXY J5 QUAD CORE 16GB/1GB 13MP SM-J500,259,Samsung,Galaxy J5,16GB,2024-06-25
USADO: SAMSUNG A31 128 GB PRETO - REGULAR,532,Samsung,Modelo desconhecido,128 GB,2024-06-25
SAMSUNG GALAXY A04S 64GB 6.5'' 5000MAH BRANCO - EXCELENTE,839,Samsung,Galaxy A04s,64GB,2024-06-25
 MOTO G9 PLAY DUAL 64GB VERDE TURQUESA 4GB RAM GARANTIA NF-E,440,Motorola,Moto G9,64GB,2024-06-25
LENOVO VIBE K6 4G 32GB BOM P/ WHATSAPP 2 CHIP PRETO,359,Lenovo,Lenovo Vibe,32GB,2024-06-25
 IPHONE 7 32 GB PRETO-FOSCO A1778 COMPLETO,599,iPhone,iPhone 7,32 GB,2024-06-25
MOTO G53 5G 128GB 4GB RAM - DESEMPENHO E ESTILO EM SUAS MÃOS,789,Motorola,Moto G53,128GB,2024-06-25
 MOTO G9 PLAY DUAL 64GB ROSA QUARTZO GARANTIA NF-E,539,Motorola,Moto G9,64GB,2024-06-25
LG K51S 64GB QUAD. CÂM. BAT.4000MAH CINZA - EXCELENTE,659,LG,Modelo desconhecido,64GB,2024-06-25
SAMSUNG GALAXY A52S 5G DUAL SIM 128 GB 4 GB RAM GARANTIA NFE,764,Samsung,Galaxy A52s,128 GB,2024-06-25
SAMSUNG GALAXY A03 CORE 32GB 2GB RAM GARANTIA | NF-E,549,Samsung,Galaxy A03,32GB,2024-06-25
SAMSUNG GALAXY J7 PRODUAL 64GB DOURADO 3GB RAM GARANTIA NF-E,449,Samsung,Galaxy J7,64GB,2024-06-25
TELEFONE CELULAR MOTO G9 PLUS 128GB 4G RAM SEMINOVO BOM AZUL,898,Motorola,Moto G9,128GB,2024-06-25
CELULAR FLIP MOTO RAZR (2019) 128GB CHIP VIRTUAL - MUITO BOM,1499,Motorola,Moto Razr,128GB,2024-06-25
SAMSUNG GALAXY S20 FE 128GB AZUL 6GB RAM - EXCELENTE,809,Samsung,Galaxy S20,128GB,2024-06-25
SMARTPHONE MOTO G100 256GB 12GB RAM AZUL,1150,Motorola,Moto G100,256GB,2024-06-25
SAMSUNG GALAXY METAL DOURADO J7 GARANTIA NF-E,386,Samsung,Galaxy Metal,Modelo desconhecido,2024-06-25
SAMSUNG GALAXY S21 5G 128GB CINZA 8GB RAM GARANTIA NF-E,1277,Samsung,Galaxy S21,128GB,2024-06-25
CELULAR BLACKBERRY Z30 STA100 16GB 2GB RAM PRETO,78,Blackberry,Modelo desconhecido,16GB,2024-06-25
SAMSUNG GALAXY S10+ 128 GB BRANCO 8 GB RAM GARANTIA NF-E,980,Samsung,Galaxy S10,128 GB,2024-06-25
MOTO G53 128GB DESEMPENHO PODEROSO A UM PREÇO IRRESISTÍVEL,829,Motorola,Moto G53,128GB,2024-06-25
SAMSUNG GALAXY J6 DUAL SIM 32 GB PRATA 2 GB RAM,449,Samsung,Galaxy J6,32 GB,2024-06-25
SAMSUNG GALAXY J6+ 32GB PRETO 2GB RAM,529,Samsung,Galaxy J6,32GB,2024-06-25
CELULAR BLACKBERRY Z30 STA100 16GB 2GB RAM PRETO,69,Blackberry,Modelo desconhecido,16GB,2024-06-25
BLACKBERRY BOLD 9780 256 MB BLACK 512 MB RAM,69,Blackberry,Modelo desconhecido,Modelo desconhecido,2024-06-25
MOTOROLA MOTO G22 128GB,719,Motorola,Moto G22,128GB,2024-06-25
MOTOROLA EDGE EDGE 128 GB 6 GB RAM GARANTIA | NF-E,1304,Motorola,Modelo desconhecido,128 GB,2024-06-25
CELULAR MOTOROLA MOTO E20 32GB AZUL MUITO BOM - TROCAFONE,409,Motorola,Moto E20,32GB,2024-06-25
CELULAR SAMSUNG GALAXY A14 128GB 4GB EXCELENTE GARANTIA NOTA,879,Samsung,Galaxy A14,128GB,2024-06-25
IPHONE 6S 64GB CINZA ESPACIAL CELULAR BOM,489,iPhone,iPhone 6,64GB,2024-06-25
MOTO G7 PLAY 32GB AZUL INDIGO  GARANTIA NF-E,386,Motorola,Moto G7,32GB,2024-06-25
"BLACKBERRY Z10 - 4G, 16GB, DUAL CORE 1.5GHZ, TELA 4.2",78,Blackberry,Modelo desconhecido,16GB,2024-06-25
SAMSUNG GALAXY A14 5G 128GB 5000MAH CÂM.50MP 6.6'' EXCELENTE,1039,Samsung,Galaxy A14,128GB,2024-06-25
APPLE IPHONE 11 64 GB PRETO - 1 ANO DE GARANTIA - EXCELENTE,1999,iPhone,iPhone 11,64 GB,2024-06-25
CELULAR SAMSUNG GALAXY A10 TELA 6.2'' DUAL 32GB 2GB RAM NF ,746,Samsung,Galaxy A10,32GB,2024-06-25
CELULAR LG K8 PLUS 16GB BARATO EXCELENTE DUAL SIM NF OFERTA,439,LG,K8 Plus,16GB,2024-06-25
SAMSUNG GALAXY J5 PRIME ROSA 16 GB  2 GB RAM GARANTIA NF-E,319,Samsung,Galaxy J5,16 GB,2024-06-25
SAMSUNG GALAXY A50 128 GB 4 GB RAM GARANTIA | NF-E,665,Samsung,Galaxy A50,128 GB,2024-06-25
SAMSUNG GALAXY J4+ PLUS 4G 32GB 6.0 POL,499,Samsung,Galaxy J4,32GB,2024-06-25
MOTOROLA MOTO G6 PLAY 32GB INDIGO BOM - CELULAR USADO,299,Motorola,Moto G6,32GB,2024-06-25
SMARTPHONE SAMSUNG GALAXY A02  32GB 2GB RAM GARANTIA | NF-E,487,Samsung,Galaxy A02,32GB,2024-06-25
CELULAR SAMSUNG J5 16GB DUAL SIM EXCELENTE ENVIO IMEDIATO,499,Samsung,Modelo desconhecido,16GB,2024-06-25
CELULAR SAMSUNG J5 16GB DUAL SIM EXCELENTE ENVIO IMEDIATO,499,Samsung,Modelo desconhecido,16GB,2024-06-25
CELULAR LG K8 PLUS 16GB DUAL SIM EXCELENTE BARATO NF OFERTA,439,LG,K8 Plus,16GB,2024-06-25
MOTOROLA MOTO G5 16GB PLATINUM GARANTIA NF-E,399,Motorola,Moto G5,16GB,2024-06-25
CELULAR IPHONE 6S 32GB DOURADO USADO MUITO BOM,489,iPhone,iPhone 6,32GB,2024-06-25
IPHONE 8 PLUS 256GB DOURADO BOM - CELULAR USADO - TROCAFONE,1189,iPhone,iPhone 8,256GB,2024-06-25
"SMARTPHONE SAMSUNG GALAXY A11 64GB, 3GB, 6.4  4G",799,Samsung,Galaxy A11,64GB,2024-06-25
MOTOROLA MOTO G6 PLAY 32GB INDIGO BOM,299,Motorola,Moto G6,32GB,2024-06-25
CELULAR BARATO POSITIVO TWIST 3 S513 32GB DUAL TELA 5.5,299,Marca desconhecida,Modelo desconhecido,32GB,2024-06-25
IPHONE 6S 64GB CINZA ESPACIAL BOM- TROCAFONE - CELULAR USADO,489,iPhone,iPhone 6,64GB,2024-06-25
LG K40S PRETO 32GB RAM 3GB DUAL SIM,525,LG,Modelo desconhecido,32GB,2024-06-25
CELULAR LG K11 PLUS 32GB 3GB RAM EXCELENTE NF PRONTA ENTREGA,649,LG,K11 Plus,32GB,2024-06-25
SMARTPHONE SAMSUNG J5 16GB 1.5 RAM 4G OFERTA PROMOÇÃO,449,Samsung,Modelo desconhecido,16GB,2024-06-25
 MOTO G8 PLAY DUAL SIM 32 GB PRETO ONIX GARANTIA NF-E,404,Motorola,Moto G8,32 GB,2024-06-25
MOTOROLA G8 PLUS DUAL XT2019 64GB 4GB RAM 6.3' CAM TRIPLA,599,Motorola,G8 Plus,64GB,2024-06-25
MOTO E5 16GB 2 CHIP BAT.4000MAH WHATSAPP CINZA - EXCELENTE,399,Motorola,Moto E5,16GB,2024-06-25
SMARTPHONE GALAXY J6 DUAL SIM 32GB PRETO 2GB COM DIGITAL,399,Marca desconhecida,Galaxy J6,32GB,2024-06-25
LG K8+ DUAL SIM 16 GB PRETO 1 GB RAM GARANTIA | NF-E,260,LG,Modelo desconhecido,16 GB,2024-06-25
SAMSUNG GALAXY A10S 32GB 2GB RAM TELA 6.2 BATERIA 4000MAH,559,Samsung,Galaxy A10s,32GB,2024-06-25
NOKIA C2-01 43 MB PRETO 64 MB RAM COM GARANTIA E NF,169,Marca desconhecida,Modelo desconhecido,Modelo desconhecido,2024-06-25
MOTOROLA ONE FUSION 64 GB 4 GB RAM GARANTIA | NF-E,584,Motorola,Modelo desconhecido,64 GB,2024-06-25
SMARTPHONE MOTO EDGE 20 5G 128GB 8GB RAM PRETO - EXCELENTE,1142,Motorola,Moto Edge,128GB,2024-06-25
APPLE IPHONE 11 128 GB BRANCO - 1 ANO DE GARANTIA- COMO NOVO,2149,iPhone,iPhone 11,128 GB,2024-06-25
SMARTPHONE GALAXY M12 DUOS 64GB 4GB RAM AZUL,699,Marca desconhecida,Galaxy M12,64GB,2024-06-25
SAMSUNG GALAXY A11 TL 6.4 64GB PRETO 3GB RAM ,699,Samsung,Galaxy A11,64GB,2024-06-25
CELULAR BLACKBERRY Z30 STA100 16GB 2GB RAM PRETO,69,Blackberry,Modelo desconhecido,16GB,2024-06-25
SMARTPHONE ANDROID SIMPLE BARATO C/ WHATSAPP ALCATEL PIXI 4 ,149,Marca desconhecida,Modelo desconhecido,Modelo desconhecido,2024-06-25
SAMSUNG GALAXY A01 DUAL SIM 32 GB PRETO 2 GB RAM,389,Samsung,Galaxy A01,32 GB,2024-06-25
SAMSUNG GALAXY A71  128 GB PRETO 6 GB RAM GARANTIA | NF-E,809,Samsung,Galaxy A71,128 GB,2024-06-25
LG K22 4G 32GB 2GB CÂM. DUPLA 3000MAH 6.2'' - EXCELENTE,499,LG,K22 4g,32GB,2024-06-25
CELULAR MOTO E22 128GB BAT.4020MAH 6.5'' AZUL - EXCELENTE,799,Motorola,Moto E22,128GB,2024-06-25
 MOTO E6 PLUS DUAL 64GB CINZA METÁLICO GARANTIA NF-E,467,Motorola,Moto E6,64GB,2024-06-25
MOTO G8 64GB AZUL CAPRI GARANTIA NF-E,489,Motorola,Moto G8,64GB,2024-06-25
CELULAR IDOSO MULTILASER VITA COM BASE DUAL SIM 32MB + FONE,189,Marca desconhecida,Modelo desconhecido,Modelo desconhecido,2024-06-25
SAMSUNG GALAXY A50  4 GB RAM 128 GB GARANTIA | NF-E ,665,Samsung,Galaxy A50,4 GB,2024-06-25
SAMSUNG GALAXY A52S 5G 128GB PRETO BOM - TROCAFONE,859,Samsung,Galaxy A52s,128GB,2024-06-25
SAMSUNG GALAXY J5 PRIME DUAL SIM 32 GB DOURADO 2 GB RAM,399,Samsung,Galaxy J5,32 GB,2024-06-25
SAMSUNG GALAXY A52S 5G 128GB,999,Samsung,Galaxy A52s,128GB,2024-06-25
MOTOROLA MOTO RAZR 40 ULTRA 5G 256GB SEMINOVO ÓTIMO,3200,Motorola,Moto Razr,256GB,2024-06-25
TELEFONE CELULAR SAMSUNG A20 32GB 3GB RAM SEMINOVO MUITO BOM,589,Samsung,Modelo desconhecido,32GB,2024-06-25
SAMSUNG GALAXY J4+ PLUS 4G 32GB 3300MAH 6.0'' - EXCELENTE,529,Samsung,Galaxy J4,32GB,2024-06-25
MOTOROLA MOTO E6 PLUS 32GB AZUL NETUNO GARANTIA NF-E,440,Motorola,Moto E6,32GB,2024-06-25
MOTOROLA MOTO E22 32GB,569,Motorola,Moto E22,32GB,2024-06-25
SMARTPHONE MOTO G100 256GB 12GB RAM AZUL,1219,Motorola,Moto G100,256GB,2024-06-25
CELULAR PARA IDOSO ALCATEL PIXI 4 SIMPLE BARATO C/ WHATSAPP ,134,Marca desconhecida,Modelo desconhecido,Modelo desconhecido,2024-06-25
 IPHONE 7 32 GB PRATA - PRETO - ROSE A1660 C/ BAT NOVA 100%,1399,iPhone,iPhone 7,32 GB,2024-06-25
APPLE IPHONE SE (2A GERAÇÃO) 64 GB PRETO - EXCELENTE,989,iPhone,iPhone SE,64 GB,2024-06-25
"SMARTPHONE MOTO G31 128GB 4GB RAM TELA 6,4 GRAFITE MOTOROLA",699,Motorola,Moto G31,128GB,2024-06-25
CELULAR SAMSUNG GALAXY A10 TELA 6.2'' DUAL 32GB 2GB RAM NF ,746,Samsung,Galaxy A10,32GB,2024-06-25
CELULAR LG K8 PLUS 16GB BARATO EXCELENTE DUAL SIM NF OFERTA,439,LG,K8 Plus,16GB,2024-06-25
MOTOROLA MOTO G100 256GB LUMINOUS SKY MUITO BOM - USADO,1259,Motorola,Moto G100,256GB,2024-06-25
SAMSUNG GALAXY J6+ J610 4G DUAL 32GB 3GB RAM TELA 6'' 13MPX,433,Samsung,Galaxy J6,32GB,2024-06-25
SAMSUNG GALAXY A8 (2018) DUAL SIM 64 GB PRETO 4 GB RAM,569,Samsung,Galaxy A8,64 GB,2024-06-25
SAMSUNG GRAN PRIME 8GB SIMPLES 2 CHIP WHATSAPP - BRANCO,359,Samsung,Modelo desconhecido,8GB,2024-06-25
SAMSUNG GALAXY NOTE 20 ULTRA 5G 256GB 6.9''  - EXCELENTE,2879,Samsung,Galaxy Note,256GB,2024-06-25
SAMSUNG GALAXY A23 128GB CÂM.50MP 5000MAH PRETO EXCELENTE,1099,Samsung,Galaxy A23,128GB,2024-06-25
CELULAR SAMSUNG J5 16GB DUAL SIM EXCELENTE ENVIO IMEDIATO,499,Samsung,Modelo desconhecido,16GB,2024-06-25
CELULAR LG K8 PLUS 16GB DUAL SIM EXCELENTE BARATO NF OFERTA,439,LG,K8 Plus,16GB,2024-06-25
MOTO G30 DARK PRISM 128GB 4GB RAM - ESTILO EM SUAS MÃOS,739,Motorola,Moto G30,128GB,2024-06-25
SAMSUNG GALAXY NOTE 10 256 GB BLACK 8 GB RAM GARANTIA NF-E,1079,Samsung,Galaxy Note,256 GB,2024-06-25
MOTOROLA MOTO G82 128GB,1099,Motorola,Moto G82,128GB,2024-06-25
SAMSUNG GALAXY A52S 128 GB BRANCO 4 GB RAM GARANTIA | NF-E,764,Samsung,Galaxy A52s,128 GB,2024-06-25
SMARTPHONE IPHONE 8 64 GB PRETO COM GARANTIA E NF,899,iPhone,iPhone 8,64 GB,2024-06-25
CELULAR POSITIVO P30 DUAL CHIP RADIO SIMPLES EXCELENTE IDOSO,99,Marca desconhecida,Modelo desconhecido,Modelo desconhecido,2024-06-25
MOTO G30 128GB 4GB RAM - DESEMPENHO E ESTILO EM SUAS MÃOS,779,Motorola,Moto G30,128GB,2024-06-25
SMARTPHONE GALAXY A10 DUAL SIM 32 GB PRETO 2 GB RAM,398,Marca desconhecida,Galaxy A10,32 GB,2024-06-25
CELULAR LG K11 PLUS 32GB 3GB RAM EXCELENTE NF PRONTA ENTREGA,649,LG,K11 Plus,32GB,2024-06-25
SMARTPHONE SAMSUNG J5 16GB 1.5 RAM 4G OFERTA PROMOÇÃO,449,Samsung,Modelo desconhecido,16GB,2024-06-25
IPHONE SE (3ª GERAÇÃO) 64GB,1999,iPhone,iPhone SE,64GB,2024-06-25
SMARTPHONE MOTO E20 32GB 2GB RAM CINZA ESCURO GARANTIA NF-E,539,Motorola,Moto E20,32GB,2024-06-25
SMARTPHONE MOTOROLA MOTO G5 PLUS ,539,Motorola,Moto G5,Modelo desconhecido,2024-06-25
SAMSUNG GALAXY A11 64GB CÂM. TRIPLA 6.4'' AZUL - EXCELENTE,799,Samsung,Galaxy A11,64GB,2024-06-25
MOTO G8 POWER DUAL SIM 64GB PRETO 4 GBRAM XT2041-3 SEMINOVO,549,Motorola,Moto G8,64GB,2024-06-25
MOTOROLA MOTO E7 32GB,529,Motorola,Moto E7,32GB,2024-06-25
MOTOROLA MOTO G30 128 GB WHITE LILAC SEMINOVO ÓTIMO,799,Motorola,Moto G30,128 GB,2024-06-25
MOTOROLA MOTO G9 PLAY 64GB AZUL SAFIRA MUITO BOM - USADO,569,Motorola,Moto G9,64GB,2024-06-25
"SMARTPHONE MOTO G22 TELA DE 6,5 128 GB 4 RAM PRETO ",645,Motorola,Moto G22,128 GB,2024-06-25
SAMSUNG GALAXY S10E 128 GB 6 GB RAM BRANCO GARANTIA | NF-E,764,Samsung,Galaxy S10e,128 GB,2024-06-25
SAMSUNG GALAXY J5 PRIME DOURADO GARANTIA | NF-E ,313,Samsung,Galaxy J5,Modelo desconhecido,2024-06-25
APPLE IPHONE XR 64 GB BRANCO - 1 ANO DE GARANTIA - EXCELENTE,1499,iPhone,iPhone XR,64 GB,2024-06-25
SAMSUNG GALAXY S9+ PLUS 6GB 128GB DUAL ULTRAVIOLETA SEMINOVO,1049,Samsung,Galaxy S9,6GB,2024-06-25
 MOTO G7 PLAY DUAL 32 GB DOURADO GARANTIA NF-E,386,Motorola,Moto G7,32 GB,2024-06-25
MOTOROLA MOTO G9 PLUS 128GB AZUL INDIGO BOM - CELULAR USADO,669,Motorola,Moto G9,128GB,2024-06-25
SAMSUNG GALAXY A12 64GB AZUL BOM CELULAR USADO,509,Samsung,Galaxy A12,64GB,2024-06-25
SMARTPHONE SAMSUNG GALAXY NOTE10+ 256GB 12GB RAM BLUE,1340,Samsung,Galaxy Note10,256GB,2024-06-25
SAMSUNG GALAXY S10E 128 GB 6 GB RAM GARANTIA | NF-E,764,Samsung,Galaxy S10e,128 GB,2024-06-25
SAMSUNG GALAXY S10E 128 GB 6 GB RAM AZUL GARANTIA | NF-E,764,Samsung,Galaxy S10e,128 GB,2024-06-25
SAMSUNG GALAXY S10E 128 GB 6 GB RAM GARANTIA | NF-E,719,Samsung,Galaxy S10e,128 GB,2024-06-25
CELULAR LG K12+ PRETO 32GB DUAL SIM 3GB RAM MEGA OFERTA- NFE,618,LG,Modelo desconhecido,32GB,2024-06-25
IPHONE 13 MINI 128 GB AZUL - 1 ANO DE GARANTIA - EXCELENTE,2999,iPhone,iPhone 13,128 GB,2024-06-25
SAMSUNG GALAXY A13 128GB 4GB RAM BATERIA 5000MAH - EXCELENTE,1049,Samsung,Galaxy A13,128GB,2024-06-25
SAMSUNG GALAXY A21S 128GB AZUL GARANTIA NF-E,746,Samsung,Galaxy A21s,128GB,2024-06-25
SAMSUNG GALAXY A34 5G 128GB 6GB 5000MAH 6.6'' - EXCELENTE,1399,Samsung,Galaxy A34,128GB,2024-06-25
IPHONE 8 64GB 4GB 2GB RAM TELA 4.7'' PRONTA ENTREGA,999,iPhone,iPhone 8,64GB,2024-06-25
MOTOROLA MOTO E13 64 GB SEMINOVO BOM,539,Motorola,Moto E13,64 GB,2024-06-25
CELULAR SAMSUNG GALAXY NOTE 10 256GB PRETO EXCELENTE,1319,Samsung,Galaxy Note,256GB,2024-06-25
MOTO G6 PLUS INDIGO 64GB 4GB RAM TELA 5.6 HD COM TV,699,Motorola,Moto G6,64GB,2024-06-25
MOTO G6 PLAY DUAL SIM 32 GB ÍNDIGO-ESCURO 3 GB RAM,359,Motorola,Moto G6,32 GB,2024-06-25
SAMSUNG GALAXY A03 CORE 32 GB AZUL RECONDICIONADO,599,Samsung,Galaxy A03,32 GB,2024-06-25
 IPHONE 8 64 GB CINZA-ESPACIAL - PERFEITO FUNCIONAMENTO,849,iPhone,iPhone 8,64 GB,2024-06-25
LENOVO VIBE K6 4G 32GB BOM P/ WHATSAPP 2 CHIP DOURADO,359,Lenovo,Lenovo Vibe,32GB,2024-06-25
MOTOROLA MOTO G8 PLAY 32GB,549,Motorola,Moto G8,32GB,2024-06-25
MOTO G53 5G 128GB BAT.5000MAH CÂM.50MP ROSÊ - EXCELENTE,999,Motorola,Moto G53,128GB,2024-06-25
CELULAR MOTOROLA MOTO G71 5G 128GB AZUL MUITO BOM TROCAFONE,969,Motorola,Moto G71,128GB,2024-06-25
CELULAR SAMSUNG GALAXY A10 TELA 6.2'' DUAL 32GB 2GB RAM NF ,746,Samsung,Galaxy A10,32GB,2024-06-25
CELULAR LG K8 PLUS 16GB BARATO EXCELENTE DUAL SIM NF OFERTA,439,LG,K8 Plus,16GB,2024-06-25
MOTO G6 PLAY 32GB AZUL INDIGO GARANTIA NF-E,404,Motorola,Moto G6,32GB,2024-06-25
LG K40S 4G DUAL X430 32GB 3GB RAM CÂM 13MP TELA 6.1' ANDROID,529,LG,Modelo desconhecido,32GB,2024-06-25
SAMSUNG GALAXY S22 5G 256GB 8GB RAM GREEN GARANTIA | NF-E,1754,Samsung,Galaxy S22,256GB,2024-06-25
MOTOROLA ONE 64GB BRANCO MUITO BOM - CELULAR USADO,509,Motorola,Modelo desconhecido,64GB,2024-06-25
SMARTPHONE MOTO G100 CABO HDMI 256GB 12GB RAM LUMINOUS OCEAN,1700,Motorola,Moto G100,256GB,2024-06-25
MOTO E6S 32GB 2GB CÂM. DUPLA DUAL WHATSAPP CINZA - EXCELENTE,469,Motorola,Moto E6s,32GB,2024-06-25
CELULAR SAMSUNG J5 16GB DUAL SIM EXCELENTE ENVIO IMEDIATO,499,Samsung,Modelo desconhecido,16GB,2024-06-25
CELULAR LG K8 PLUS 16GB DUAL SIM EXCELENTE BARATO NF OFERTA,439,LG,K8 Plus,16GB,2024-06-25
 MOTO E5 16 GB CINZA-FLASH 2 GB RAM GARANTIA | NF-E,269,Motorola,Moto E5,16 GB,2024-06-25
SAMSUNG GALAXY S10+ 128GB CERAMIC BLACK MUITO BOM - USADO,1069,Samsung,Galaxy S10,128GB,2024-06-25
CELULAR SAMSUNG J5 16GB EXCELENTE IDOSO SIMPLES WHATSAPP,499,Samsung,Modelo desconhecido,16GB,2024-06-25
SAMSUNG GALAXY S8+ DUAL 128GB PRETO 6GB RAM GARANTIA | NF-E,854,Samsung,Galaxy S8,128GB,2024-06-25
IPHONE 8 64GB DOURADO BOM - TROCAFONE - USADO,729,iPhone,iPhone 8,64GB,2024-06-25
LG K9 16GB C/ TV DIGITAL REDE 4G 2 CHIP PRETO - EXCELENTE,389,LG,K9 16gb,16GB,2024-06-25
CELULAR SAMSUNG GALAXY A11 A115 DUAL 64GB 3 RAM MUITO BOM,539,Samsung,Galaxy A11,64GB,2024-06-25
CELULAR BARATO POSITIVO TWIST 3 32GB C/ WHATSAPP PRETO,299,Marca desconhecida,Modelo desconhecido,32GB,2024-06-25
CELULAR LG K11 PLUS 32GB 3GB RAM EXCELENTE NF PRONTA ENTREGA,649,LG,K11 Plus,32GB,2024-06-25
SMARTPHONE SAMSUNG J5 16GB 1.5 RAM 4G OFERTA PROMOÇÃO,449,Samsung,Modelo desconhecido,16GB,2024-06-25
SAMSUNG GALAXY S10+ DUAL G975 128GB TELA 6.4 8GB RAM OUTLET,2299,Samsung,Galaxy S10,128GB,2024-06-25
TELEFONE CELULAR SAMSUNG J7 PRIME 32 GB SEMINOVO C/ GARANTIA,489,Samsung,Modelo desconhecido,32 GB,2024-06-25
"CELULAR C/ RÁDIO FM COM GRAVADOR MP3 PLAYER CAMERA 1,3 PIXEL",69,Marca desconhecida,Modelo desconhecido,Modelo desconhecido,2024-06-25
SAMSUNG GALAXY A14 5G 128GB 5000MAH 50MP 6.6'' - EXCELENTE,1039,Samsung,Galaxy A14,128GB,2024-06-25
SAMSUNG GALAXY A12 64GB QUAD CAM 48MP BATERIA 5000MAH BRANCO,899,Samsung,Galaxy A12,64GB,2024-06-25
SMARTPHONE SAMSUNG GALAXY A02 32GB 2GB RAM GARANTIA | NF-E,440,Samsung,Galaxy A02,32GB,2024-06-25
SAMSUNG GALAXY A01 32GB PRETO MUITO BOM - CELULAR USADO,369,Samsung,Galaxy A01,32GB,2024-06-25
IPHONE 8 64GB TELA 4.7'' 4G ,949,iPhone,iPhone 8,64GB,2024-06-25
SAMSUNG GALAXY A10 DUAL SIM 32 GB 2 GB RAM GARANTIA | NF-E,429,Samsung,Galaxy A10,32 GB,2024-06-25
USADO: SAMSUNG GALAXY A11 64GB AZUL BOM - TROCAFONE,519,Samsung,Galaxy A11,64GB,2024-06-25
BLACKBERRY BOLD 9780 256 MB BLACK 512 MB RAM,78,Blackberry,Modelo desconhecido,Modelo desconhecido,2024-06-25
CELULAR SAMSUNG GALAXY J5 2016 16GB DUAL - MUITO BOM,330,Samsung,Galaxy J5,16GB,2024-06-25
USADO: MOTOROLA G50 5G 128GB VERDE EXCELENTE - CELLULARSTORE,821,Motorola,G50 5g,128GB,2024-06-25
"SMARTPHONE SAMSUNG GALAXY A04E 64GB, 3GB RAM, TELA 6.5 AZUL",799,Samsung,Galaxy A04e,64GB,2024-06-25
SAMSUNG GALAXY A10S DUAL SIM 32 GB PRETO 2 GB RAM,499,Samsung,Galaxy A10s,32 GB,2024-06-25
SAMSUNG GALAXY NOTE 10+ 256GB PRETO MUITO BOM - USADO,1449,Samsung,Galaxy Note,256GB,2024-06-25
MOTO G4 PLUS 4G 32GB DUAL CÂM.16MP 3000MAH 5.5'' - EXCELENTE,429,Motorola,Moto G4,32GB,2024-06-25
SAMSUNG GALAXY J8 64GB PRETO BOM - USADO,429,Samsung,Galaxy J8,64GB,2024-06-25
CELULAR SAMSUNG GALAXY A02 A022 32GB DUAL - MUITO BOM,479,Samsung,Galaxy A02,32GB,2024-06-25
CELULAR MOTO G1 8GB EXCELENTE SIMPLES WHATSAP PRONTA ENTREGA,349,Motorola,Moto G1,8GB,2024-06-25
IPHONE 8 PLUS 64GB LINDO 10X SEM JUROS,1450,iPhone,iPhone 8,64GB,2024-06-25
SMARTPHONE MOTO G62 5G 128GB 4GB RAM AZUL ESCURO,785,Motorola,Moto G62,128GB,2024-06-25
APPLE IPHONE SE 2020 (2A GERAÇÃO) 64 GB - PRETO SUPER PREÇO ,1099,iPhone,iPhone SE,64 GB,2024-06-25
MOTOROLA MOTO G6 PLUS 64GB AZUL INDIGO GARANTIA NF-E,449,Motorola,Moto G6,64GB,2024-06-25
SAMSUNG GALAXY S10+ 128GB CERAMIC BLACK MUITO BOM - USADO,1069,Samsung,Galaxy S10,128GB,2024-06-25
MOTO E6S 64GB 4GB RAM CÂM. DUPLA TELA 6.1 HD+ AZUL EXCELENTE,549,Motorola,Moto E6s,64GB,2024-06-25
SMARTPHONE SAMSUNG GALAXY S22 128GB 8GB RAM | EXCELENTE,2379,Samsung,Galaxy S22,128GB,2024-06-25
CELULAR MOTOROLA MOTO X PLAY XT1563 DUAL 32GB - MUITO BOM,569,Motorola,Moto X,32GB,2024-06-25
SMARTPHONE GALAXY A01 SAMSUNG CORE 32GB 2GB RAM GARANTIA NFE,314,Samsung,Galaxy A01,32GB,2024-06-25
SMARTPHONE GALAXY A31 TELA 6.4 128GB 4GB RAM BRANCO,845,Marca desconhecida,Galaxy A31,128GB,2024-06-25
 MOTO E7 DUAL SIM 32 GB CINZA-METÁLICO 2 GB RAM + GARANTIA,474,Motorola,Moto E7,32 GB,2024-06-25
SONY XPERIA XA1 ULTRA SEMINOVO ÓTIMO,499,Marca desconhecida,Modelo desconhecido,Modelo desconhecido,2024-06-25
SAMUNG GALAXY S7 EDGE 32GB 4GB RAM GARANTIA NFE - INTACTO,674,Marca desconhecida,Galaxy S7,32GB,2024-06-25
LG K12+ DUAL SIM 32 GB CINZA 3 GB RAM  EXCELENTE ,449,LG,Modelo desconhecido,32 GB,2024-06-25
SMARTPHONE GALAXY S20 FE DUAL SIM 128 GB 6 GB RAM AZUL,1050,Marca desconhecida,Galaxy S20,128 GB,2024-06-25
SMARTPHONE GALAXY S10 TELA DE 6.1'' 128GB 8GB RAM PRETO,1029,Marca desconhecida,Galaxy S10,128GB,2024-06-25
CELULAR SAMSUNG GALAXY A10 TELA 6.2'' DUAL 32GB 2GB RAM NF ,746,Samsung,Galaxy A10,32GB,2024-06-25
CELULAR LG K8 PLUS 16GB BARATO EXCELENTE DUAL SIM NF OFERTA,439,LG,K8 Plus,16GB,2024-06-25
SAMSUNG GALAXY J2 PRIME 16GB 1.5 GB RAM PRETO | USADO BOM,499,Samsung,Galaxy J2,16GB,2024-06-25
IPHONE 6S 32GB PRATEADO MUITO BOM - CELULAR USADO,489,iPhone,iPhone 6,32GB,2024-06-25
CELULAR LG G5 SE 32GB 3 RAM - EXCELENTE,467,LG,G5 Se,32GB,2024-06-25
IPHONE 11 64 GB PRETO - 1 ANO DE GARANTIA - POUCAS MARCAS,1929,iPhone,iPhone 11,64 GB,2024-06-25
MOTO G5 4G DUAL 32GB CÂM.13MP 5.0'' C/ WHATSAPP - EXCELENTE,399,Motorola,Moto G5,32GB,2024-06-25
SMARTPHONE SAMSUNG GALAXY NOTE10 256GB 8GB RAM PRATEADO,1169,Samsung,Galaxy Note10,256GB,2024-06-25
CELULAR SAMSUNG J5 16GB DUAL SIM EXCELENTE ENVIO IMEDIATO,499,Samsung,Modelo desconhecido,16GB,2024-06-25
CELULAR LG K8 PLUS 16GB DUAL SIM EXCELENTE BARATO NF OFERTA,439,LG,K8 Plus,16GB,2024-06-25
SAMSUNG GALAXY A9 A920F 128GB 6GB RAM | USADO BOM,949,Samsung,Galaxy A9,128GB,2024-06-25
SAMSUNG GALAXY A52S 5G DUAL SIM 128 GB 4 GB RAM GARANTIA NFE,719,Samsung,Galaxy A52s,128 GB,2024-06-25
"BLACKBERRY Z10 - 4G, 16GB, DUAL CORE 1.5GHZ, TELA 4.2",78,Blackberry,Modelo desconhecido,16GB,2024-06-25
MOTOROLA MOTO G30 128GB,749,Motorola,Moto G30,128GB,2024-06-25
CELULAR SAMSUNG GALAXY A14 5G 128GB 4GB EXCELENTE PROMOÇÃO,869,Samsung,Galaxy A14,128GB,2024-06-25
TELEFONE CELULAR SAMSUNG A01 32 GB 2GB RAM SEMINOVO GARANTIA,519,Samsung,Modelo desconhecido,32 GB,2024-06-25
MOTO E4 PLUS 16GB 5000MAH 4G WHATSAPP DOURADO - EXCELENTE,399,Motorola,Moto E4,16GB,2024-06-25
CELULAR SAMSUNG GALAXY A02S A025M 32GB DUAL - MUITO BOM,526,Samsung,Galaxy A02s,32GB,2024-06-25
CELULAR LG K11 PLUS 32GB 3GB RAM EXCELENTE NF PRONTA ENTREGA,649,LG,K11 Plus,32GB,2024-06-25
SMARTPHONE SAMSUNG J5 16GB 1.5 RAM 4G OFERTA PROMOÇÃO,449,Samsung,Modelo desconhecido,16GB,2024-06-25
CELULAR LG K8 PLUS 16GB BARATO EXCELENTE DUAL SIM NF OFERTA,439,LG,K8 Plus,16GB,2024-06-25
LG K12 PRIME DUAL SIM 64 GB AURORA BLACK 3 GB RAM,890,LG,K12 Prime,64 GB,2024-06-25
CELULAR MOTO G1 8GB 4G EXCELENTE SIMPLES IDOSO BARATO WHATS,199,Motorola,Moto G1,8GB,2024-06-25
IPHONE 11 128 GB PRETO - 1 ANO DE GARANTIA - POUCAS MARCAS,2046,iPhone,iPhone 11,128 GB,2024-06-25
SAMSUNG GALAXY A11 64GB PRETO BOM - TROCAFONE- CELULAR USADO,519,Samsung,Galaxy A11,64GB,2024-06-25
POSITIVO QUANTUM FLY 4G 32GB 3GB DUAL ROSA PERFEITO ESTADO,399,Marca desconhecida,Modelo desconhecido,32GB,2024-06-25
 CELULAR ANDROID BARATO C/ WHATSP MOTO C PLUS 16GB  1GB RAM,210,Motorola,Moto C,16GB,2024-06-25
XIAOMI REDMI NOTE 7 (48 MPX) 64 GB 4 GB RAM - ENVIO IMEDIATO,695,Marca desconhecida,Modelo desconhecido,64 GB,2024-06-25
CELULAR BLACKBERRY Z10 STL100 16GB 2GB,78,Blackberry,Modelo desconhecido,16GB,2024-06-25
MOTO E6I 32GB 2GB CÂM. DUPLA DUAL WHATSAPP ROSA EXCELENTE,469,Motorola,Moto E6i,32GB,2024-06-25
SAMSUNG GALAXY J2 PRIME 4G 16GB C/ TV DOURADO - EXCELENTE,479,Samsung,Galaxy J2,16GB,2024-06-25
SAMSUNG GALAXY NOTE 9 128 GB AZUL 6 GB RAM,1599,Samsung,Galaxy Note,128 GB,2024-06-25
TELEFONE CELULAR SAMSUNG A72 128GB 6G RAM SEMINOVO MUITO BOM,1299,Samsung,Modelo desconhecido,128GB,2024-06-25
SAMSUNG GALAXY J7 NEO 16GB DOURADO BOM,349,Samsung,Galaxy J7,16GB,2024-06-25
 MOTO G 5G PLUS DUAL 128GB AZUL-OCEANO 6GB RAM GARANTIA NF-E,728,Motorola,Moto G,128GB,2024-06-25
CELULAR ALCATEL 8GB SIMPLES DUAL CHIP 4G BOM PARA WHATSAPP,299,Marca desconhecida,Modelo desconhecido,8GB,2024-06-25
SAMSUNG J530G GALAXY J5 PRO 2017 32GB/2GB RAM | EXCELENTE,649,Samsung,Galaxy J5,32GB,2024-06-25
 IPHONE 7 32 GB PRETO-FOSCO LINDO 10X SEM JUROS ,700,iPhone,iPhone 7,32 GB,2024-06-25
CELULAR SAMSUNG GALAXY A10 TELA 6.2'' DUAL 32GB 2GB RAM NF ,746,Samsung,Galaxy A10,32GB,2024-06-25
SMARTPHONE MOTO E20 AZUL DUAL 32GB 2GB RAM  GARANTIA NF-E ,539,Motorola,Moto E20,32GB,2024-06-25
SAMSUNG GALAXY J7 PRO 64 GB 3 GB RAM SM-J730F/DS | USADO BOM,599,Samsung,Galaxy J7,64 GB,2024-06-25
 MOTO G8 POWER 64GB TODO REVISADO MUITO BONITO COM GARANTIA ,499,Motorola,Moto G8,64GB,2024-06-25
CELULAR NOKIA C2 01 DESBLOQUEADO ORIGINAL,195,Marca desconhecida,Modelo desconhecido,Modelo desconhecido,2024-06-25
LENOVO VIBE C2 DUAL SIM 16 GB PRETO 1 GB RAM,242,Lenovo,Lenovo Vibe,16 GB,2024-06-25
MOTOROLA MOTO G6 PLAY 32GB DOURADO GARANTIA NF-E,404,Motorola,Moto G6,32GB,2024-06-25
SAMSUNG GALAXY A10 ANDROID DUAL SIM 32GB 2GB RAM PROMOÇÃO,701,Samsung,Galaxy A10,32GB,2024-06-25
CELULAR SAMSUNG GALAXY J7 2016 METAL PRETO MUITO BOM USADO,369,Samsung,Galaxy J7,Modelo desconhecido,2024-06-25
 MOTO G8 POWER LITE DUAL AZUL 64GB 4GB RAM GARANTIA NF-E,440,Motorola,Moto G8,64GB,2024-06-25
SMARTPHONE GALAXY A10 DUAL SIM 32 GB PRETO 2 GB RAM,375,Marca desconhecida,Galaxy A10,32 GB,2024-06-25
SMARTPHONE GALAXY S20 FE DUAL SIM 128 GB 6 GB RAM AZUL,989,Marca desconhecida,Galaxy S20,128 GB,2024-06-25
CELULAR SMARTPHONE IPHONE 8 64GB ENVIO IMEDIATO,999,iPhone,iPhone 8,64GB,2024-06-25
MOTO E6S 64GB 4GB CÂM. DUPLA TELA 6.1 HD+ VERMELHO EXCELENTE,549,Motorola,Moto E6s,64GB,2024-06-25
SAMSUNG GALAXY A04S 64GB 4GB 6.5'' 5000MAH PRETO - EXCELENTE,839,Samsung,Galaxy A04s,64GB,2024-06-25
ASUS ZENFONE 3 MAX 4G 32GB BAT.4100MAH DOURADO - EXCELENTE,359,Marca desconhecida,Modelo desconhecido,32GB,2024-06-25
CELULAR SAMSUNG GALAXY A10 TELA 6.2'' DUAL 32GB 2GB RAM NF ,746,Samsung,Galaxy A10,32GB,2024-06-25
CELULAR LG K8 PLUS 16GB BARATO EXCELENTE DUAL SIM NF OFERTA,439,LG,K8 Plus,16GB,2024-06-25
SAMSUNG GALAXY A04S 64GB 4GB 6.5'' 5000MAH PRETO - EXCELENTE,839,Samsung,Galaxy A04s,64GB,2024-06-25
ASUS ZENFONE 3 MAX 4G 32GB BAT.4100MAH DOURADO - EXCELENTE,359,Marca desconhecida,Modelo desconhecido,32GB,2024-06-25
SAMSUNG GALAXY J5 DUALSIM 16 GB USADO DE VLTRLNE ,780,Samsung,Galaxy J5,16 GB,2024-06-25
 IPHONE 7 128 GB PRETO-FOSCO + CAIXA ORIGINAL LINDO ,790,iPhone,iPhone 7,128 GB,2024-06-25
LG G7 THINQ 64GB,1199,LG,G7 Thinq,64GB,2024-06-25
SAMSUNG GALAXY NOTE 20 ULTRA 5G 256GB 12GB RAM - EXCELENTE,2879,Samsung,Galaxy Note,256GB,2024-06-25
CELULAR SAMSUNG J5 16GB DUAL SIM EXCELENTE ENVIO IMEDIATO,499,Samsung,Modelo desconhecido,16GB,2024-06-25
CELULAR LG K8 PLUS 16GB DUAL SIM EXCELENTE BARATO NF OFERTA,439,LG,K8 Plus,16GB,2024-06-25
SAMSUNG GALAXY S9 DUAL SIM 128 GB 4 GB RAM - PRETO,1099,Samsung,Galaxy S9,128 GB,2024-06-25
"SMARTPHONE MOTOROLA, MOTO E5, TELA 5.7, QUADCORE, 16GB CINZA",390,Motorola,Moto E5,16GB,2024-06-25
SMARTPHONE MOTO G30 DARK PRISMA 128GB 4GB RAM GARANTIA NF-E,683,Motorola,Moto G30,128GB,2024-06-25
CELULAR MOTOROLA MOTO G22 128GB 4GB EXCELENTE NOTA GARANTIA,849,Motorola,Moto G22,128GB,2024-06-25
LG K11 ALPHA 16GB 2 CHIP REDE 4G 5.3'' PRETO - EXCELENTE,399,LG,K11 Alpha,16GB,2024-06-25
IPHONE 8 64GB PRATEADO BOM - CELULAR USADO,729,iPhone,iPhone 8,64GB,2024-06-25
MOTOROLA MOTO G62 5G 128GB GRAFITE MT BOM USADO TROCAFONE,769,Motorola,Moto G62,128GB,2024-06-25
MOTOROLA MOTO E40 64GB,699,Motorola,Moto E40,64GB,2024-06-25
CELULAR LG K11 PLUS 32GB 3GB RAM EXCELENTE NF PRONTA ENTREGA,649,LG,K11 Plus,32GB,2024-06-25
SMARTPHONE SAMSUNG J5 16GB 1.5 RAM 4G OFERTA PROMOÇÃO,449,Samsung,Modelo desconhecido,16GB,2024-06-25
MOTOROLA EDGE EDGE 128GB SOLAR BLACK 6GB RAM GARANTIA - NFE,1304,Motorola,Modelo desconhecido,128GB,2024-06-25
IPHONE 7 128GB DOURADO MUITO BOM - TROCAFONE - USADO,669,iPhone,iPhone 7,128GB,2024-06-25
MOTOROLA E7 POWER 32GB VERMELHO CORAL MUITO BOM - TROCAFONE,429,Motorola,Modelo desconhecido,32GB,2024-06-25
CELULAR MOTOROLA MOTO G20 64GB GRAFITE BOM - TROCAFONE,629,Motorola,Moto G20,64GB,2024-06-25
SAMSUNG GALAXY J4 CORE PRETO 16GB BOM - TROCAFONE - USADO,339,Samsung,Galaxy J4,16GB,2024-06-25
SAMSUNG GALAXY A01 CORE 32GB AZUL MUITO BOM - USADO,359,Samsung,Galaxy A01,32GB,2024-06-25
IPHONE 8 64 GB  EXCELENTE ENVIO IMEDIATO,808,iPhone,iPhone 8,64 GB,2024-06-25
USADO: MOTOROLA MOTO G20 64GB PINK BOM - TROCAFONE,629,Motorola,Moto G20,64GB,2024-06-25
SAMSUNG GALAXY A7 2016 A710 DUOS 16GB DUAL GARANTIA | NF-E,449,Samsung,Galaxy A7,16GB,2024-06-25
CELULAR ALCATEL POP 3 8GB REDE 3G 2 CHIP C/ 2 CAPINHAS,249,Marca desconhecida,Modelo desconhecido,8GB,2024-06-25
MOTOROLA MOTO G9 PLAY 64GB,749,Motorola,Moto G9,64GB,2024-06-25
MOTO G9 POWER 128GB 4GB BAT.6000MAH 6.8 GARANTIA - EXCELENTE,683,Motorola,Moto G9,128GB,2024-06-25
SAMSUNG GALAXY WIN DUAL SIM 8 GB 1 GB RAM GARANTIA | NF-E,198,Samsung,Galaxy Win,8 GB,2024-06-25
MOTOROLA EDGE 20 PRO 256 GB AZUL 8 GB RAM GARANTIA | NF-E,1259,Motorola,Modelo desconhecido,256 GB,2024-06-25
MOTOROLA MOTO G71 5G 128 GB SEMINOVO BOM,999,Motorola,Moto G71,128 GB,2024-06-25
CELULAR GOOGLE PIXEL 7,3199,Marca desconhecida,Modelo desconhecido,Modelo desconhecido,2024-06-25
SAMSUNG GALAXY NOTE 20 ULTRA 256GB PRETO MUITO BOM - USADO,1979,Samsung,Galaxy Note,256GB,2024-06-25
SAMSUNG GALAXY M52 5G 128GB PRETO BOM - TROCAFONE - USADO,969,Samsung,Galaxy M52,128GB,2024-06-25
APPLE IPHONE 12 128 GB PRETO - 1 ANO DE GARANTIA - EXCELENTE,2499,iPhone,iPhone 12,128 GB,2024-06-25
SAMSUNG GALAXY S21 5G 128GB VIOLET 8GB RAM GARANTIA NF-E,1214,Samsung,Galaxy S21,128GB,2024-06-25
 MOTO G (2ND GEN.) DUAL SIM 16 GB PRETO 1 GB RAM,279,Motorola,Moto G,16 GB,2024-06-25
MOTOROLA MOTO XT1650 Z POWER 64GB SEMINOVO ÓTIMO,499,Motorola,Moto Xt1650,64GB,2024-06-25
SAMSUNG GALAXY J7 PRO DUAL 64GB AZUL 3GB RAM GARANTIA NF-E,489,Samsung,Galaxy J7,64GB,2024-06-25
ASUS ZENFONE 6 128GB,1999,Marca desconhecida,Modelo desconhecido,128GB,2024-06-25
MOTO G20 64GB 4GB QUAD. CÂM.48MP 5000MAH 6.5'' -  EXCELENTE,849,Motorola,Moto G20,64GB,2024-06-25
CELULAR PARA IDOSO ALCATEL PIXI 4 SIMPLE BARATO C/ WHATSAPP ,143,Marca desconhecida,Modelo desconhecido,Modelo desconhecido,2024-06-25
SAMSUNG GALAXY J5 PRIME DOURADO BOM,339,Samsung,Galaxy J5,Modelo desconhecido,2024-06-25
SAMSUNG GALAXY S10E 128 GB COM BURN-IN,749,Samsung,Galaxy S10e,128 GB,2024-06-25
SAMSUNG GALAXY J4 CORE AZUL 16GB MUITO BOM - USADO,359,Samsung,Galaxy J4,16GB,2024-06-25
CELULAR BARATO MOTO G5 PLUS 64GB 4GB RAM XT1687,549,Motorola,Moto G5,64GB,2024-06-25
APPLE IPHONE 12 64 GB VERMELHO -1 ANO DE GARANTIA- EXCELENTE,2399,iPhone,iPhone 12,64 GB,2024-06-25
SEMINOVO: MOTOROLA G8 PLUS 64GB CEREJA BOM - CELLULARSTORE,549,Motorola,G8 Plus,64GB,2024-06-25
IPHONE XR 64 GB PRETO - 1 ANO DE GARANTIA - POUCAS MARCAS,1449,iPhone,iPhone XR,64 GB,2024-06-25
SMARTPHONE MOTO G7 PLUS 64GB 4GB RAM AZUL,680,Motorola,Moto G7,64GB,2024-06-25
SAMSUNG GALAXY A71  128 GB PRETO 6 GB RAM GARANTIA | NF-E,854,Samsung,Galaxy A71,128 GB,2024-06-25
APPLE IPHONE XS MAX 64 GB CINZA ESPACIAL - EXCELENTE,1699,iPhone,iPhone XS,64 GB,2024-06-25
CELULAR SAMSUNG GALAXY A10 TELA 6.2'' DUAL 32GB 2GB RAM NF ,746,Samsung,Galaxy A10,32GB,2024-06-25
CELULAR LG K8 PLUS 16GB BARATO EXCELENTE DUAL SIM NF OFERTA,439,LG,K8 Plus,16GB,2024-06-25
SEMINOVO: MOTOROLA G9 POWER 128GB VERDE BOM- CELLULARSTORE,585,Motorola,G9 Power,128GB,2024-06-25
IPHONE 8 64GB CINZA ESPACIAL CELULAR BOM,729,iPhone,iPhone 8,64GB,2024-06-25
SAMSUNG GALAXY A20 32GB PRETO 3GB RAM DUAL SIM I USADO BOM,579,Samsung,Galaxy A20,32GB,2024-06-25
MOTOROLA EDGE 20 PRO 5G 256GB AZUL EXCELENTE - TROCAFONE,1519,Motorola,Modelo desconhecido,256GB,2024-06-25
SAMSUNG GALAXY A02S 32GB AZUL MUITO BOM - TROCAFONE - USADO,459,Samsung,Galaxy A02s,32GB,2024-06-25
IPHONE 6S 128GB CINZA ESPACIAL BOM - CELULAR USADO,579,iPhone,iPhone 6,128GB,2024-06-25
CELULAR SAMSUNG J5 16GB DUAL SIM EXCELENTE ENVIO IMEDIATO,499,Samsung,Modelo desconhecido,16GB,2024-06-25
CELULAR LG K8 PLUS 16GB DUAL SIM EXCELENTE BARATO NF OFERTA,439,LG,K8 Plus,16GB,2024-06-25
POSITIVO TWIST METAL 32GB DUAL CHIP 3G 5.2 DOURADO EXCELENTE,349,Marca desconhecida,Modelo desconhecido,32GB,2024-06-25
SMARTPHONE LG K50S LMX540BMW PRETO,819,LG,Modelo desconhecido,Modelo desconhecido,2024-06-25
 IPHONE 7 128 GB PRETO-FOSCO LINDO ENVIO IMEDIATO,780,iPhone,iPhone 7,128 GB,2024-06-25
MOTOROLA ONE FUSION+ 128 GB 6 GB RAM GARANTIA | NF-E,710,Motorola,Modelo desconhecido,128 GB,2024-06-25
SAMSUNG GALAXY A71 DUAL SIM 128 GB PRETO 6 GB RAM,859,Samsung,Galaxy A71,128 GB,2024-06-25
SAMSUNG GALAXY NOTE 20 256GB BRONZE MUITO BOM - USADO,1609,Samsung,Galaxy Note,256GB,2024-06-25
USADO: SAMSUNG GALAXY J4+ 32GB PRETO BOM - TROCAFONE,389,Samsung,Galaxy J4,32GB,2024-06-25
MOTOROLA MOTO E6S 32GB VERMELHO MAGENTA GARANTIA | NF-E,440,Motorola,Moto E6s,32GB,2024-06-25
CELULAR LG K11 PLUS 32GB 3GB RAM EXCELENTE NF PRONTA ENTREGA,649,LG,K11 Plus,32GB,2024-06-25
SMARTPHONE SAMSUNG J5 16GB 1.5 RAM 4G OFERTA PROMOÇÃO,449,Samsung,Modelo desconhecido,16GB,2024-06-25
IPHONE 7 PLUS 32 GB PRETO-FOSCO LINDO ENVIO IMEDIATO,950,iPhone,iPhone 7,32 GB,2024-06-25
MOTO G30 128GB 4GB CÂM.64MP BAT.5000MAH 6.5'' - EXCELENTE,929,Motorola,Moto G30,128GB,2024-06-25
SAMSUNG GALAXY A03S 64GB PRETO 4GB RAM BATERIA 5000MAH,849,Samsung,Galaxy A03s,64GB,2024-06-25
TELEFONE CELULAR SAMSUNG J5 PRIME 32 GB SEMINOVO PRETO BOM,429,Samsung,Modelo desconhecido,32 GB,2024-06-25
 IPHONE 7 PLUS 32 GB  + NF CARREGADOR E CABO,850,iPhone,iPhone 7,32 GB,2024-06-25
IPHONE 12 MINI 64GB BRANCO USADO,2259,iPhone,iPhone 12,64GB,2024-06-25
MOTOROLA MOTO G 5G 128GB PRETO PRISMA BOM CELULAR TROCAFONE,819,Motorola,Moto G,128GB,2024-06-25
SAMSUNG GALAXY S8 64 GB PRETO 4 GB RAM GARANTIA | NF-E,629,Samsung,Galaxy S8,64 GB,2024-06-25
SAMSUNG GALAXY DUAL J8 64GB VIOLETA GARANTIA NF-E,494,Samsung,Galaxy Dual,64GB,2024-06-25
CELULAR LG K11 PLUS 32GB 3GB RAM EXCELENTE NF PRONTA ENTREGA,649,LG,K11 Plus,32GB,2024-06-25
SAMSUNG GALAXY J8 DUAL SIM 64GB LAVANDA 4GB RAM I USADO BOM,599,Samsung,Galaxy J8,64GB,2024-06-25
SAMSUNG GALAXY M14 128GB,809,Samsung,Galaxy M14,128GB,2024-06-25
CELULAR LG G8S 128GB 6 RAM DUAL - EXCELENTE,1643,LG,Modelo desconhecido,128GB,2024-06-25
MOTOROLA MOTO G50 5G 128GB SEMINOVO EXCELENTE,799,Motorola,Moto G50,128GB,2024-06-25
SAMSUNG GALAXY J7 NEO 16GB DOURADO BOM - CELULAR USADO,349,Samsung,Galaxy J7,16GB,2024-06-25
SMARTPHONE SAMSUNG GALAXY A8 64GB AMETISTA NF-E - EXCELENTE,649,Samsung,Galaxy A8,64GB,2024-06-25
MOTO G8 PLAY 32GB CÂM. TRIPLA 4000MAH PRETO - EXCELENTE,549,Motorola,Moto G8,32GB,2024-06-25
CELULAR SAMSUNG GALAXY A13 128 GB PRETO BOM TROCAFONE,689,Samsung,Galaxy A13,128 GB,2024-06-25
MOTOROLA ONE DUAL SIM 32 GB PRETO 3 GB RAM GARANTIA NF-E,404,Motorola,Modelo desconhecido,32 GB,2024-06-25
SAMSUNG GALAXY A14 64GB BAT.5000MAH 6.6'' PRATA - EXCELENTE,899,Samsung,Galaxy A14,64GB,2024-06-25
SAMSUNG GALAXY S21 5G 5G 256 GB ROSA 8 GB RAM GRANTIA - NF-E,1277,Samsung,Galaxy S21,256 GB,2024-06-25
MOTO E4 PLUS 16GB 5000MAH DUAL 4G WHATSAPP PRETO - EXCELENTE,399,Motorola,Moto E4,16GB,2024-06-25
 IPHONE 8 64 GB CINZA-ESPACIAL LINDO + CAIXA ORIGINAL ,1000,iPhone,iPhone 8,64 GB,2024-06-25
SAMSUNG GALAXY J5 METAL DUAL SIM 16 GB PRETO 2 GB RAM,369,Samsung,Galaxy J5,16 GB,2024-06-25
USADO: SAMSUNG GALAXY J7 PRO 64GB DOURADO BOM - TROCAFONE,489,Samsung,Galaxy J7,64GB,2024-06-25
 MOTO G8 PLAY DUAL SIM 32 GB VERMELHO MAGENTA GARANTIA NF-E,404,Motorola,Moto G8,32 GB,2024-06-25
SAMSUNG GALAXY J3 DUAL 5.1 TELA 5'' 8GB 4G GARANTIA | NF-E ,279,Samsung,Galaxy J3,8GB,2024-06-25
SAMSUNG GALAXY A73 128GB,1499,Samsung,Galaxy A73,128GB,2024-06-25
SMARTPHONE SAMSUNG GALAXY NOTE10 256GB 8GB RAM AURA BLUE,1160,Samsung,Galaxy Note10,256GB,2024-06-25
SAMSUNG GALAXY S10 LITE 128 GB COM BURNIN,899,Samsung,Galaxy S10,128 GB,2024-06-25
IPHONE 8 64GB PRATEADO BOM,729,iPhone,iPhone 8,64GB,2024-06-25
"IPHONE XR APPLE 128GB PRETO 6,1  12MP IOS 17 DESBLOQUEADO",1502,iPhone,iPhone XR,128GB,2024-06-25
SAMSUNG GALAXY A03S 64GB PRETO MARCAS DE USO,699,Samsung,Galaxy A03s,64GB,2024-06-25
SMARTPHONE MOTO G6 PLAY DUAL SIM 32 GB 3 GB RAM AZUL,415,Motorola,Moto G6,32 GB,2024-06-25
SAMSUNG GALAXY A9 PRO 2016 A910F 32GB 4GB RAM | USADO BOM,749,Samsung,Galaxy A9,32GB,2024-06-25
CELULAR SAMSUNG GALAXY A10 TELA 6.2'' DUAL 32GB 2GB RAM NF ,746,Samsung,Galaxy A10,32GB,2024-06-25
CELULAR LG K8 PLUS 16GB BARATO EXCELENTE DUAL SIM NF OFERTA,439,LG,K8 Plus,16GB,2024-06-25
MOTO G30 DARK PRISM 128GB 4GB RAM - ESTILO EM SUAS MÃOS,799,Motorola,Moto G30,128GB,2024-06-25
 MOTO E6I DUAL SIM 32 GB PINK 2 GB RAM ORIGINAL NF,448,Motorola,Moto E6i,32 GB,2024-06-25
SAMSUNG GALAXY A73 5G 128 GB SEMINOVO BOM,1399,Samsung,Galaxy A73,128 GB,2024-06-25
CELULAR SAMSUNG GALAXY A20S 32GB DUAL - MUITO BOM,544,Samsung,Galaxy A20s,32GB,2024-06-25
SAMSUNG GALAXY A11 64GB VERMELHO BOM TROCAFONE-CELULAR USADO,519,Samsung,Galaxy A11,64GB,2024-06-25
SAMSUNG GALAXY J7 PRIME 2 DOURADO 32GB BOM,419,Samsung,Galaxy J7,32GB,2024-06-25
CELULAR SAMSUNG J5 16GB DUAL SIM EXCELENTE ENVIO IMEDIATO,499,Samsung,Modelo desconhecido,16GB,2024-06-25
CELULAR LG K8 PLUS 16GB DUAL SIM EXCELENTE BARATO NF OFERTA,439,LG,K8 Plus,16GB,2024-06-25
SAMSUNG GALAXY S10E 128GB (RECONDICIONADO),999,Samsung,Galaxy S10e,128GB,2024-06-25
SAMSUNG GALAXY S9 128GB AZUL BOM,789,Samsung,Galaxy S9,128GB,2024-06-25
USADO: SAMSUNG A04E 64 GB PRETO - MUITO BOM,619,Samsung,Modelo desconhecido,64 GB,2024-06-25
SMARTPHONE CELULAR SAMSUNG GALAXY A10S 32GB COM GARANTIA +NF,569,Samsung,Galaxy A10s,32GB,2024-06-25
SAMSUNG GALAXY A22 128GB CÂM.48MP 5000MAH VERDE - EXCELENTE,959,Samsung,Galaxy A22,128GB,2024-06-25
IPHONE 3GS LACRADO DE FABRICA ITEM DE COLECIONADOR ,5200,iPhone,iPhone 3,Modelo desconhecido,2024-06-25
SMARTPHONE SAMSUNG GALAXY A02 32GB 2GB RAM AZUL - EXCELENTE,649,Samsung,Galaxy A02,32GB,2024-06-25
CELULAR MOTOROLA MOTO C PLUS TV XT1726 16GB - EXCELENTE,677,Motorola,Moto C,16GB,2024-06-25
CELULAR LG K11 PLUS 32GB 3GB RAM EXCELENTE NF PRONTA ENTREGA,649,LG,K11 Plus,32GB,2024-06-25
SMARTPHONE SAMSUNG J5 16GB 1.5 RAM 4G OFERTA PROMOÇÃO,449,Samsung,Modelo desconhecido,16GB,2024-06-25
MOTOROLA MOTO G53 128GB,999,Motorola,Moto G53,128GB,2024-06-25
SAMSUNG GALAXY A23 128GB,899,Samsung,Galaxy A23,128GB,2024-06-25
SAMSUNG GALAXY S21 5G 128GB CINZA 8GB RAM GARANTIA NF-E,1214,Samsung,Galaxy S21,128GB,2024-06-25
TELEFONE CELULAR SAMSUNG S9 128 GB 4 GB SEMINOVO C/ BURN-IN,869,Samsung,Modelo desconhecido,128 GB,2024-06-25
USADO: SAMSUNG GALAXY A12 64GB AZUL BOM - TROCAFONE,509,Samsung,Galaxy A12,64GB,2024-06-25
SMARTPHONE MOTO G7 PLUS 64GB 4GB RAM AZUL,645,Motorola,Moto G7,64GB,2024-06-25
SAMSUNG GALAXY A04S 64GB BRANCO TOP 4GB BRINDE + GARANTIA,1086,Samsung,Galaxy A04s,64GB,2024-06-25
SMARTPHONE SAMSUNG GALAXY A22 128GB 4GB 6.4 ,959,Samsung,Galaxy A22,128GB,2024-06-25
SAMSUNG GALAXY NOTE 10 256 GB BLACK 8 GB RAM GARANTIA NF-E,1025,Samsung,Galaxy Note,256 GB,2024-06-25
MOTO G71 5G 128GB 6GB CÂM.50MP BAT.5000MAH VERDE - EXCELENTE,1229,Motorola,Moto G71,128GB,2024-06-25
SMARTPHONE GALAXY A02S 32GB 3GB RAM PRETO,659,Marca desconhecida,Galaxy A02s,32GB,2024-06-25
SAMSUNG GALAXY M23 128GB SEMINOVO EXCELENTE,1099,Samsung,Galaxy M23,128GB,2024-06-25
 IPHONE 8 64 GB CINZA-ESPACIAL LINDO + CAIXA ORIGINAL ,1050,iPhone,iPhone 8,64 GB,2024-06-25
SAMSUNG GALAXY A04E 64GB COBRE 3GB RAM GARANTIA + BRINDE,649,Samsung,Galaxy A04e,64GB,2024-06-25
TELEFONE CELULAR MOTO G7 PLUS 64GB 4GB RAM SEMINOVO MT / BOM,639,Motorola,Moto G7,64GB,2024-06-25
 IPHONE 8 64 GB CINZA-ESPACIAL LINDO 10X SEM JUROS,850,iPhone,iPhone 8,64 GB,2024-06-25
CELULAR LG K8 PLUS 16GB DUAL SIM EXCELENTE BARATO NF OFERTA,439,LG,K8 Plus,16GB,2024-06-25
SMARTPHONE MOTO G7 POWER 64GB 4GB RAM 4G DUAL ROXO,620,Motorola,Moto G7,64GB,2024-06-25
SAMSUNG GALAXY A31 128GB BRANCO BOM - CELULAR USADO,609,Samsung,Galaxy A31,128GB,2024-06-25
SAMSUNG GALAXY S20 128 GB COSMIC GRAY 8 GB RAM GARANTIA NF-E,1079,Samsung,Galaxy S20,128 GB,2024-06-25
MOTO E7 PLUS 64GB BRONZE ÂMBAR 4GB RAM MOTOROLA + BRINDES,539,Motorola,Moto E7,64GB,2024-06-25
SAMSUNG GALAXY S10+ 128 GB AZUL-PRISMA 8 GB RAM GARANTIA NFE,980,Samsung,Galaxy S10,128 GB,2024-06-25
SAMSUNG GALAXY S9 128 GB 4 GB RAM GARANTIA | NF-E,719,Samsung,Galaxy S9,128 GB,2024-06-25
SAMSUNG GALAXY A30S 64GB PRETO 4GB RAM TV DIGITAL + GARANTIA,499,Samsung,Galaxy A30s,64GB,2024-06-25
MOTOROLA ONE MACRO 64 GB SEMINOVO BOM,549,Motorola,Modelo desconhecido,64 GB,2024-06-25
MOTO G23 128GB BAT.5000MAH CÂM.50MP 6.5'' AZUL - EXCELENTE,939,Motorola,Moto G23,128GB,2024-06-25
USADO: SAMSUNG GALAXY J7 PRO 64GB DOURADO BOM - TROCAFONE,489,Samsung,Galaxy J7,64GB,2024-06-25
SMARTPHONE GALAXY S10 TELA DE 6.1'' 128GB 8GB RAM PRETO,970,Marca desconhecida,Galaxy S10,128GB,2024-06-25
SAMSUNG GALAXY J8 64GB PRETO BOM - TROCAFONE - CELULAR USADO,429,Samsung,Galaxy J8,64GB,2024-06-25
MOTOROLA ONE ACTION 128 GB BRANCO 4 GB RAM GARANTIA | NF-E,674,Motorola,Modelo desconhecido,128 GB,2024-06-25
USADO: MOTOROLA MOTO G22 128GB PRETO BOM - TROCAFONE,709,Motorola,Moto G22,128GB,2024-06-25
SAMSUNG GALAXY M21S 64GB AZUL BOM- TROCAFONE - CELULAR USADO,649,Samsung,Galaxy M21s,64GB,2024-06-25
SAMSUNG GALAXY S5 16 GB BRANCO 2 GB RAM GARANTIA | NF-E,388,Samsung,Galaxy S5,16 GB,2024-06-25
MOTOROLA G20 128GB VERDE MUITO BOM - CELLULARSTORE,608,Motorola,G20 128gb,128GB,2024-06-25
MOTO G8 POWER LITE DUAL 64GB 4GB RAM AQUA GARANTIA NF-E,476,Motorola,Moto G8,64GB,2024-06-25
CELULAR BARATO MOTOROLA MOTO E6S + CARREGADOR PROMOÇÃO,590,Motorola,Moto E6s,Modelo desconhecido,2024-06-25
CELULAR SAMSUNG GALAXY A10 TELA 6.2'' DUAL 32GB 2GB RAM NF ,746,Samsung,Galaxy A10,32GB,2024-06-25
CELULAR LG K8 PLUS 16GB BARATO EXCELENTE DUAL SIM NF OFERTA,439,LG,K8 Plus,16GB,2024-06-25
SMARTPHONE QUANTUM QUANTUM FLY 32GB 3GB 5.2 ,399,Marca desconhecida,Modelo desconhecido,32GB,2024-06-25
LG K40S 4G DUAL X430 32GB 3GB RAM TELA 6.1' CÂM 13MP ANDROID,395,LG,Modelo desconhecido,32GB,2024-06-25
SAMSUNG GALAXY NOTE 20 5G 256 GB SEMINOVO BOM,1999,Samsung,Galaxy Note,256 GB,2024-06-25
MOTOROLA MOTO G10 64 GB CINZA AURORA GARANTIA NF-E,575,Motorola,Moto G10,64 GB,2024-06-25
SAMSUNG GALAXY J5 PRIME DUAL 32 GB GOLD 2 RAM GARANTIA NF-E,389,Samsung,Galaxy J5,32 GB,2024-06-25
IPHONE 7 PLUS 32 GB PRETO-FOSCO LINDO 10X SEM JUROS,1050,iPhone,iPhone 7,32 GB,2024-06-25
CELULAR SAMSUNG J5 16GB DUAL SIM EXCELENTE ENVIO IMEDIATO,499,Samsung,Modelo desconhecido,16GB,2024-06-25
CELULAR LG K8 PLUS 16GB DUAL SIM EXCELENTE BARATO NF OFERTA,439,LG,K8 Plus,16GB,2024-06-25
SMARTPHONE ANDROID SIMPLE BARATO C/ WHATSAPP ALCATEL PIXI 4 ,159,Marca desconhecida,Modelo desconhecido,Modelo desconhecido,2024-06-25
SAMSUNG GALAXY S6 FLAT G920I 32GB 3 RAM,489,Samsung,Galaxy S6,32GB,2024-06-25
SAMSUNG GALAXY J7 DUAL 16GB PRETO 2GB RAM GARANTIA NF-E,359,Samsung,Galaxy J7,16GB,2024-06-25
SAMSUNG GALAXY M53 5G 128 GB AZUL SEMINOVO BOM,1199,Samsung,Galaxy M53,128 GB,2024-06-25
SAMSUNG GALAXY J8 64GB PRETO BOM,429,Samsung,Galaxy J8,64GB,2024-06-25
SAMSUNG GALAXY A03 CORE 32GB COBRE EXCELENTE - USADO,429,Samsung,Galaxy A03,32GB,2024-06-25
SMARTPHONE MOTOROLA MOTO G7+ XT1965 64GB/4GB RAM | USADO BOM,679,Motorola,Moto G7,64GB,2024-06-25
CELULAR SAMSUNG GALAXY J1 ACE 8GB DUAL - MUITO BOM,358,Samsung,Galaxy J1,8GB,2024-06-25
CELULAR LG K11 PLUS 32GB 3GB RAM EXCELENTE NF PRONTA ENTREGA,649,LG,K11 Plus,32GB,2024-06-25
SMARTPHONE SAMSUNG J5 16GB 1.5 RAM 4G OFERTA PROMOÇÃO,449,Samsung,Modelo desconhecido,16GB,2024-06-25
IPHONE 7 256GB DOURADO MUITO BOM - TROCAFONE - CELULAR USADO,779,iPhone,iPhone 7,256GB,2024-06-25
CELULAR MOTOROLA MOTO G5S PLUS 32GB PLATINUM MUITO BOM USADO,349,Motorola,Moto G5s,32GB,2024-06-25
SAMSUNG GALAXY S4 MINI DUOS PRETO 8GB 1.5 RAM GARANTIA | NFE,248,Samsung,Galaxy S4,8GB,2024-06-25
IPHONE 6S 64GB CINZA ESPACIAL BOM - CELULAR USADO,489,iPhone,iPhone 6,64GB,2024-06-25
SAMSUNG GALAXY M62 128GB 8GB RAM 60HZ 6.7'' DUAL CHIP,2117,Samsung,Galaxy M62,128GB,2024-06-25
CELULAR BARATO MOTOROLA MOTO G5S 32GB + CARREGADOR PROMOÇÃO,349,Motorola,Moto G5s,32GB,2024-06-25
CELULAR POSITIVO S509 TWIST 2 FIT DOURADO SEMI - 90 DIAS GAR,430,Marca desconhecida,Modelo desconhecido,Modelo desconhecido,2024-06-25
 IPHONE 8 64 GB CINZA-ESPACIAL EXCELENTE  ENVIO IMEDIATO,850,iPhone,iPhone 8,64 GB,2024-06-25
SMARTPHONE MOTO G7 POWER DUAL SIM 64 GB 4 GB RAM AZUL,585,Motorola,Moto G7,64 GB,2024-06-25
SMARTPHONE ALCATEL A1 GO 5033J 8GB 1GB 5 POL PRETO 4G,299,Marca desconhecida,Modelo desconhecido,8GB,2024-06-25
CELULAR LG K4 NOVO 8GB DUAL 1 RAM - EXCELENTE,311,LG,K4 Novo,8GB,2024-06-25
LG G5 SE 32 GB TITANIUM 3 GB RAM SEMINOVO,449,LG,G5 Se,32 GB,2024-06-25
SAMSUNG GALAXY A01 32GB PRETO BOM - TROCAFONE -CELULAR USADO,349,Samsung,Galaxy A01,32GB,2024-06-25
 IPHONE 7 32 GB DOURADO LINDO ENVIO IMEDIATO,700,iPhone,iPhone 7,32 GB,2024-06-25
SMARTPHONE GALAXY A11 64GB 3GB RAM PRETO,679,Marca desconhecida,Galaxy A11,64GB,2024-06-25
IPHONE 7 PLUS 128 GB PRETO-FOSCO LINDO ENVIO IMEDIATO,1000,iPhone,iPhone 7,128 GB,2024-06-25
SAMSUNG GALAXY A03 CORE 32 GB SEMINOVO BOM,599,Samsung,Galaxy A03,32 GB,2024-06-25
"SMARTPHONE POSITIVO TWIST S520 - DUAL CHIP, 4G, TELA 5.",215,Marca desconhecida,Modelo desconhecido,Modelo desconhecido,2024-06-25
MOTOROLA MOTO E6I 32 GB PINK SEMINOVO ÓTIMO,499,Motorola,Moto E6i,32 GB,2024-06-25
SAMSUNG GALAXY M62 128GB (RECONDICIONADO),1399,Samsung,Galaxy M62,128GB,2024-06-25
SAMSUNG GALAXY J5 PRIME DUAL SIM 32 GB PRETO 2 GB RAM,329,Samsung,Galaxy J5,32 GB,2024-06-25
 SMARTPHONE MOTO G5 PLUS DUAL SIM 32GB 2 GB RAM CINZA,520,Motorola,Moto G5,32GB,2024-06-25
CELULAR IPHONE 6S 64GB 2 RAM - BOM,550,iPhone,iPhone 6,64GB,2024-06-25
MOTOROLA MOTO G24 ROSA  128GB,749,Motorola,Moto G24,128GB,2024-06-25
 CELULAR MOTO G5S DUAL SIM 32 GB PLATINUM 2 GB RAM SEMINOVO,498,Motorola,Moto G5s,32 GB,2024-06-25
SAMSUNG GALAXY S10 LITE 128GB SEMINOVO ÓTIMO,1099,Samsung,Galaxy S10,128GB,2024-06-25
MOTOROLA MOTO EDGE 20 128GB SEMINOVO ÓTIMO C/ BURN-IN,1299,Motorola,Moto Edge,128GB,2024-06-25
SAMSUNG GALAXY J250M/DS J2 PRO 16GB 4GB RAM | USADO BOM,519,Samsung,Galaxy J250m,16GB,2024-06-25
SMARTPHONE SAMSUNG GALAXY NOTE20 256GB 8GB RAM COR VERDE,1439,Samsung,Galaxy Note20,256GB,2024-06-25
LG G8S THINQ DUAL SIM 128 GB MIRROR WHITE 6 GB RAM SEMINOVO ,999,LG,Modelo desconhecido,128 GB,2024-06-25
SAMSUNG GALAXY S10 PRETO 128 GB RECONDICIONADO,1099,Samsung,Galaxy S10,128 GB,2024-06-25
SAMSUNG GALAXY A03 CORE 32GB COBRE EXCELENTE - USADO,429,Samsung,Galaxy A03,32GB,2024-06-25
LG G7 THINQ DUAL SIM 64 GB AURORA BLACK 4 GB RAM - VITRINE,799,LG,G7 Thinq,64 GB,2024-06-25
SAMSUNG GALAXY J5 PRIME PRETO BOM - CELULAR USADO,339,Samsung,Galaxy J5,Modelo desconhecido,2024-06-25
SAMSUNG GALAXY A51 128GB SEMINOVO EXCELENTE,899,Samsung,Galaxy A51,128GB,2024-06-25
SAMSUNG GALAXY A31 128GB PRETO BOM - CELULAR USADO,609,Samsung,Galaxy A31,128GB,2024-06-25
CELULAR SAMSUNG GALAXY A10 TELA 6.2'' DUAL 32GB 2GB RAM NF ,746,Samsung,Galaxy A10,32GB,2024-06-25
CELULAR LG K8 PLUS 16GB BARATO EXCELENTE DUAL SIM NF OFERTA,439,LG,K8 Plus,16GB,2024-06-25
SAMSUNG GALAXY J5 J500M 16GB 1.5GB RAM DOURADO | USADO BOM,429,Samsung,Galaxy J5,16GB,2024-06-25
CELULAR BLACKBERRY Z10 STL100 16GB 2GB RAM,69,Blackberry,Modelo desconhecido,16GB,2024-06-25
 IPHONE 7 32 GB PRATA LINDO ENVIO IMEDIATO,700,iPhone,iPhone 7,32 GB,2024-06-25
CELULAR REALME C53 128GB DOURADO,899,Marca desconhecida,Modelo desconhecido,128GB,2024-06-25
SMARTPHONE  G8 PLAY 32GB 2GB RAM PRETO,489,Marca desconhecida,G8 Play,32GB,2024-06-25
IPHONE 11 PRO MAX 256 GB ORIGINAL PROMOÇÃO ,3259,iPhone,iPhone 11,256 GB,2024-06-25
CELULAR SAMSUNG J5 16GB DUAL SIM EXCELENTE ENVIO IMEDIATO,499,Samsung,Modelo desconhecido,16GB,2024-06-25
CELULAR LG K8 PLUS 16GB DUAL SIM EXCELENTE BARATO NF OFERTA,439,LG,K8 Plus,16GB,2024-06-25
 100% IPHONE 11 (128 GB)- VITRINE - BATERIA 100% +CAPA+FONE ,2399,iPhone,iPhone 11,128 GB,2024-06-25
MOTOROLA MOTO G53 5G 128 GB PRATEADO 6 GB,839,Motorola,Moto G53,128 GB,2024-06-25
MOTOROLA MOTO E22 AZUL 64GB,639,Motorola,Moto E22,64GB,2024-06-25
SMARTPHONE SAMSUNG GALAXY A23 5G 6.6'' 128GB 4GB RAM PRETO,975,Samsung,Galaxy A23,128GB,2024-06-25
INFINIX NOTE 30 5G DUAL SIM 256 GB BLACK 8 GB RAM,1278,Marca desconhecida,Modelo desconhecido,256 GB,2024-06-25
SMARTPHONE XIAOMI REDMI NOTE 9 128GB POLAR WHITE 4GB GLOBAL,999,Marca desconhecida,Modelo desconhecido,128GB,2024-06-25
XIAOMI POCOPHONE POCO M3 DUAL SIM 64 GB POWER BLACK 6 GB RAM,799,Marca desconhecida,Modelo desconhecido,64 GB,2024-06-25
MOTOROLA MOTO E13 VERDE 32GB,529,Motorola,Moto E13,32GB,2024-06-25
CELULAR LG K11 PLUS 32GB 3GB RAM EXCELENTE NF PRONTA ENTREGA,649,LG,K11 Plus,32GB,2024-06-25
SMARTPHONE SAMSUNG J5 16GB 1.5 RAM 4G OFERTA PROMOÇÃO,449,Samsung,Modelo desconhecido,16GB,2024-06-25
 CELULAR MOTO G5S 32 GB PLATINUM 2 GB RAM,429,Motorola,Moto G5s,32 GB,2024-06-25
"IPHONE 11 64GB VITRINE - BARATO, IMPECÁVEL, BRINDES!",1875,iPhone,iPhone 11,64GB,2024-06-25
CELULAR IPHONE 12 (128 GB) - BRANCO ORIGINAL 10X SEM JUROS,2578,iPhone,iPhone 12,128 GB,2024-06-25
APPLE IPHONE 11 64GB VITRINE ORIGINAL GARANTIA 100%,1829,iPhone,iPhone 11,64GB,2024-06-25
CELULAR IPHONE APPLE USADO XR 64GB DE VITRINE  EXPOSIÇÃO,1498,iPhone,iPhone Apple,64GB,2024-06-25
CELULAR IPHONE 11 64GB VITRINE ORIGINAL APPLE + BRINDES,1959,iPhone,iPhone 11,64GB,2024-06-25
IPHONE 12 (128 GB) - VITRINE - BATERIA 100% +CAPA+FONE BRIND,2849,iPhone,iPhone 12,128 GB,2024-06-25
SMARTPHONE POCO M3 4GB/128GB DUAL SIM - AML037,799,Marca desconhecida,Modelo desconhecido,4GB,2024-06-25
"IPHONE 11 64GB - SEMI NOVO DE VITRINE, BARATO, PERFEITO!",1900,iPhone,iPhone 11,64GB,2024-06-25
 MOTO G73 5G 128 GB AZUL 8 GB RAM,1049,Motorola,Moto G73,128 GB,2024-06-25
 MOTO G8 POWER DUAL SIM 64 GB PRETO-TITANIUM 4 GB RAM,670,Motorola,Moto G8,64 GB,2024-06-25
LG G8S THINQ DUAL SIM 128 GB MIRROR WHITE 6 GB RAM SEMINOVO ,1089,LG,Modelo desconhecido,128 GB,2024-06-25
" MOTO G20 DUAL 128GB 4GB RAM TELA 6,5 QUAD CAM (EXCELENTE)",799,Motorola,Moto G20,128GB,2024-06-25
SMARTPHONE INFINIX HOT 11S 128GB 4GB RAM,699,Marca desconhecida,Modelo desconhecido,128GB,2024-06-25
SAMSUNG GALAXY M62 128 GB 8 GB RAM PRETO USADO ÓTIMO,988,Samsung,Galaxy M62,128 GB,2024-06-25
SAMSUNG GALAXY A53 5G DUAL SIM 128 GB AZUL 8 GB RAM,1288,Samsung,Galaxy A53,128 GB,2024-06-25
SMARTPHONE REALME C11 32GB 2GB CINZA NA CAIXA LACRADO COM NF,580,Marca desconhecida,Modelo desconhecido,32GB,2024-06-25
CELULAR IPHONE 12  AZUL 128 GB DE VITRINE ORIGINAL + BRINDES,2579,iPhone,iPhone 12,128 GB,2024-06-25
APPLE IPHONE 11 (64GB) - BRANCO,2899,iPhone,iPhone 11,64GB,2024-06-25
 IPHONE 12 128GB  ORIGINAL 10X SEM JUROS + BRINDES,2589,iPhone,iPhone 12,128GB,2024-06-25
IPHONE 8 PLUS 64GB PRATA,1141,iPhone,iPhone 8,64GB,2024-06-25
VITRINE - APPLE IPHONE 12 128GB + BRINDES,2469,iPhone,iPhone 12,128GB,2024-06-25
ALCATEL ONE TOCH IDOL 3 - 16GB - 4G - MEGA CELL,249,Marca desconhecida,Modelo desconhecido,16GB,2024-06-25
APPLE IPHONE 11 (128 GB) - VERDE (RECONDICIONADO),2520,iPhone,iPhone 11,128 GB,2024-06-25
ALCATEL IDOL 4 16 GB CINZA-ESCURO 3 GB RAM,369,Marca desconhecida,Modelo desconhecido,16 GB,2024-06-25
 CELULAR APPLE IPHONE XR 64 GB - PRETO LEIA A DESCRIÇÃO,1249,iPhone,iPhone XR,64 GB,2024-06-25
MOTOROLA MOTO G04 128GB GRAFITE,619,Motorola,Moto G04,128GB,2024-06-25
CELULAR NOKIA C2-01 CSERIES 128MB 64MB,193,Marca desconhecida,Modelo desconhecido,Modelo desconhecido,2024-06-25
SAMSUNG GALAXY S8 64 GB SEMINOVO BOM,799,Samsung,Galaxy S8,64 GB,2024-06-25
MOTOROLA MOTO E5 PLAY 16 GB SEMINOVO BOM,339,Motorola,Moto E5,16 GB,2024-06-25
GALAXY A12 64GB BRANCO BOM - TROCAFONE - CELULAR USADO,509,Marca desconhecida,Galaxy A12,64GB,2024-06-25
SMARTPHONE REALME C11 32GB 2GB AZUL NA CAIXA LACRADO COM NF.,570,Marca desconhecida,Modelo desconhecido,32GB,2024-06-25
SAMSUNG GALAXY S6 EDGE 32 GB OURO-PLATINA 3 GB RAM,498,Samsung,Galaxy S6,32 GB,2024-06-25
XIAOMI REDMI NOTE 7 DUAL M1901F7G 64GB 4GB RAM 6.3'' - USADO,899,Marca desconhecida,Modelo desconhecido,64GB,2024-06-25
 SAMSUNG GALAXY A04E 64GB PRETO 4G OCTA-CORE 3GB RAM ,599,Samsung,Galaxy A04e,64GB,2024-06-25
SMARTPHONE CELULAR MOTOROLA MOTO G60S 128GB 6 RAM SEMINOVO ,990,Motorola,Moto G60s,128GB,2024-06-25
